Translated_Review_MS,Sentiment_MS
baju kurta sampai dalam ada baik tetapi tak ada yang standout,Neutral
sizing tak tepat langsung saya rasa macam baju sekolah zaman rendah,Negative
baju kurta saya dah koyakkum pakai memang tak alit langsung,Negative
hantar laju kain cantik terima kasih jual masih tunggu lagi 2pasan baju untuk smpai pos out lambat pulak dari yang ini,Positive
baju selamat darat kain cantik dan sedap di pakai jual peramahabg jt pun laju buat keja,Positive
baju cantik pos dalam 4hri alit okay la terima kasih jual,Positive
selamat sampai terima kasih ya saiz ukur sama seperti dalam carta ukur,Positive
bungkus bagus dan baik barang sampai dengan selamat tiada kerosakan dan bocor plastik yang di balut video tiada kait kain baik dan lembut,Positive
saiz baju 34 ok semua cantik jahit kemas baju saiz 12 jahit kemas tetapi ada sikit kotor karat bangkang baju sekarang,Positive
perfect hantar sangat cepat alit kain pun best anak tahun 11 bulan amik saiz 12 fit jual tindak balas pun cepat,Positive
bahan baik barang sampai dalam ada baik jual pun baik ada rezeki akan repeat order lagi terima kasih jual terbaikkk terbaikkkkkkkkkkkkkkkk,Positive
baju cantik kain ok sedap pakaipenhantaran cepat layan jual memang baik la mudah urus kalau ade 10 star nak bagi 10 bintang,Positive
terima kasih barang sudah sampai anak anak suka kain pun best boleh repeat lagi cuma tangan je panjang sikit dengan ank2,Positive
warna cantik wey susah gilos nak cari color ni banyak yang sudah jual jual pos awal terima kasih ya ni baju raya aktuk untuk 2021 ini walaupun tak rentas negeri raya tetap raya okbye okbye okbye okbye okbye,Positive
alhamdulillah semua ok kain pun cantik warna nya cantik hantar pun kira laju tak hari tungguorder jumaat isnin hntrok lah sabtu ahad pos laju cuti,Positive
pada mula jual hubung untuk kata krim warna takde jadi kena tukar pada akhir yang hantar warna krim bogel jugak bagaimana jual terima kasih mesra dan bergantui cuma poslaju lambat nak,Positive
kain cantik sangat fit fit size anak terima jual harga murah dengan alit yang sangat sangat baik,Positive
baju senget ukur tak sama poslaju lambat hantar barang dekat 10hari baru sampai baju plk ade kesan kotor so bad rugi duit saya ini,Negative
item yang terima dalam ada yang baik alit ok boleh terima pandang saiz julat harga sesuai dengan anak saudara saya dengan sempurna tetapi anggap saiz lebih besar rana respon hantar yang agak tinggi dari jual ke kurier agak lambat,Positive
hantar pantas baji sesuai muat ikut saiz cuma tangan panjang sangat nk kena baik sikit seluruh semua muas jahit baik khas butang ketip ank sumus cabut lepas lepas lepas lepas lepas lepas lepas lepas lepas lepas lepas cabut lepas lepas lepas lepas lepas lepas lepas lepas cabut lepas lepas lepas lepas lepas lepas lepas lepas lepas lepas lepas lepas cabut lepas lepas lepas cabut lepas lepas cabut lepas lepas cabut lepas lepas cabut lepas cabut cabut lepas lepas cabut lepas cabut lepas cabut lepas cabut ke mana,Positive
baju dan kain cantik puas hati dah boleh raya memang berbaloi delivery pun cepat,Positive
baju muat2 je dengan adik saya umur tahun tahun depan takdapat pakai lagi tetapi nasib baik harga murah kain alit,Positive
kain yang alit kain sejuk sedap pakai cuma saiz agak untuk ank tahun dana saiz juga bedar unk ank tahun kalau budak yang badan barat memang memang,Positive
perintah yang terima dengan terima kasih kain selesa pakai memang disyorkan baju memang fit2 untuk anak saya tahun bulan,Positive
baik baju cantik saiz fit 2 dengan anak umur tahun 10 bulan saiz 12y,Positive
alit jahit dan kain oksaiz 56 tahun muat unak anak umur 3thun 4bln tinggi 106 berat 20kg cuma kena lipat sikit je bahagian tangan,Positive
berbaloi tunggu minggu kain como crepe jahit pun kemas terima kasih jual,Positive
kain cantik harga pun patut belikan untuk adik bongsu video takde kena mngenaselamat berpuasaa semuaaaa,Positive
saiz produk sempurna hanya tidak alit dan harga hanya hebat,Positive
baju selamat sampai seluar fit dengan anak cuma baju besar sikit tetapi anak tak kisa boleh lipat sikit lengan baju fit la anak cakap cantik,Positive
barang sampai dalam ada baik dengan bungkus yang elok terima kasih jual,Positive
kain dan color semua cantik jenis kain tak mudah kedut tetapi selesa untuk budak2 cuaca dekat msia saya saiz beli 34tahun kalau ada siapa nak saiz tu boleh dm saya rasa rasa,Positive
kain cun saiz ikut saiz badan biasa kalau nak longgar sikit ambil size besar sikit color bukan betul2 maroon tetapi ok je suka suka terima kasih jual,Positive
bj cantik hantar cepat malam bayar hari sudah dapat terima kasih jual,Positive
alit cantik baju sesuai dengan ank saya hantar pun cepat,Positive
fitkualiti baju mantap saiz cun cuma pos laju je tak berapa nak laju minggu baru sampai kalau jt selalu ke hari sudah sampai,Positive
jual baik sangat sangat layan saya yang salah beli saiz baju anak siap pos mula terima kasihhh kalau tak layang lagi duit nak beli baju thantaran pun cepat tqtqtq,Positive
baju cantik labuh tangan je panjang sikit tak apa boleh lipat atau jahit pengghantaran je slow poslaju,Positive
baju dah sampai kain cantik baju fit2 dengan tuan nya cuma hantar laa makan masa,Positive
senang seluar jenis getah ni butang baju ni pula jenis klip je memang cantik sangat baju ni bahan dia breatble la oklah kalau budak2 tu jenis aktif sampai petang terima kasih jual terima kasih,Positive
hantar ambil sementara pesan lepas letak barang -barang dengan selamat bungkus dengan bungkus gelembung kain padan dengan sen yang belanja,Positive
saya order pas baju tetapi yang sampai hanya pasang sudah la lama tunggu sekali sampai takda pas baju pasti nak pakai raya heri tu kecewa sikit tetapi kain puas hati sangat,Neutral
saiz fit dengan saya dan akain kain cantik dan jahit kemas akan beli lagi terima kasih,Positive
anak saya nak masuk tahun saya ambik saiz 78 memang fit2nasib tak ambik saiz 56sebab badan dia tinggikain cantikjahitan kemasdelivery lajusemalam order sampai dah harinitq sellerbaikk,Positive
baik kain dan potong sama macam ukur muat dengan anak tahun,Positive
kain lembut dan selesa butang jenis snap mudah pakai warna tepat gold mustard yang bestnya ukur sangat tepat anak anak padan,Positive
baju cantik potong ok warna sama macam dalam gambar kain macam keras sikit tetapi teripu elok bila pakai harap lepas basuh ok dapat,Positive
kain sangat selesa dan ukur terkar elokpuas hati sangatpenghantaran pn sangat laju,Positive
baju seluar fit padan dengan anak saya umur 2y4m berat 12kg kain sangat puas hati disyorkan,Positive
baju yang sangat cntiksayak,Positive
nice jahit kemassaiz semua ok hantar pun cepat terima kasih jual,Positive
jual baik hantar memang pantas kain elok cantik jahit sangat kemas warna kain dondon anak dan ayah,Positive
mantap gila kain cantik warna kat gmbar tak londa bila pakai kacak alhamdulillah kacak,Positive
cantik baju alit dan cukup dengan anak buah umur tahun,Positive
biru dia cair sikit laaa tetapi masih bayi biru saiz muat dengan badan cuma labuh seluar kain pun cantik sejuk je pakai memang muat cantik handsome anak buah hahaha jual laju shopee,Positive
kain cantikkemas jasa kain agak panas tus bulat agak taksesuaimaybe patut pakai kurta je,Positive
baju raya aak2 sudah smpai kain lada saistidak lama lagi,Positive
barang dah terima baju nampak ok hantar yang cepat baik,Positive
baju melayu cantik gila sampai hantar cepat pada titik sangat mengesyorkan kedai dalam tali ini,Positive
kain lembut design modern beli dua dapat diskaun servis mantap terima kasih,Positive
baju sampai awal baik alit kain muas harga patut ulang langgan di sini,Positive
baju puas hatu trendy habis hantar pantas penuh rekomen terima kasih jual,Positive
kedai dalam tali,Positive
ulang pesan dah kali ke3 alit tak pernah kecewa khidmat langgan muas,Positive
suka sangat reka bentuk baju kain sejuk harga patut hantar pantas baik,Positive
alit kain tak berapa design ok tetapi agak kecewa dengan alit bahan,Negative
pertama kali beli memang puas hati baju cantik harga patut akan ulang pesan,Positive
reka bentuk moden harga berbaloi kain selesa sangat hantar pantas bah lah,Positive
baju sampai awal alit memang tiptop saiz kena harga patut disyorkan,Positive
barang sampai dengan selamatatat puas hti ngn alit kainjahitan kemassangat disyorkan,Positive
warna seperti dalam pic ukur itu fit2 dengan badan anak takut take,Positive
bahan kain okcolor pun cantikssize cun je badan anak sebab chubby,Positive
kali ke beli lepas beli pertama salah saiz kali ni saiz okcuma seluar senteng sikitanak 7tahun berat 25kgkain selesawarna cantik sebab tu sanggup order lagisiapa nak beli saiz dm saiz,Positive
puas hati kain sangat cantik memang berbaloitrusted sellerpenghantaran pun cepat,Positive
baju ok tetapi macam susah nak masuk kepala nak masuk lengan anak barulembut sikit tetapi gelap sikit dari pink yang cari,Positive
baju sangat cantik jahit kemas warna cantik saiz sesuai,Positive
kain okay tak terlalu tebal unak kecil memang baik untuk pagi raya nanti,Positive
hantar cepat terima dalam condition baik kain sangat elok terbaikmaaf video tak ada kena kena,Positive
jual terima kasih baju cepat sampai tetapi kain easaya penuh tak nipis tak tebal sangat,Positive
hantar boleh tahan lama juga sebab guna jt pada masa tu jt damansara ada masalah saiz beli ikut chart saja memang mantap,Positive
jual ok recomended sangatbarang cantik delivery cepat maaf video tak ada kena kena,Positive
materialbagus tebal lambat pengeposan6 hari baru seller pos out itu pun lambat betul response naik geram dibuatnyanasib baju cantik tetapi koyak sikit kat baju itujahit sendiri sebab majlis pun sudah dekatharap seller response cepat bila kita ask,Positive
comfortabilitynice materialgood semua okay anak pun suka yang penting selesa,Positive
materiekay comfortabilityokay kain okay standard kain baju melayu warna cantikk baju besar sikit sebab anak 1tahun bupan ambil saiz 12 tahun dekat baju saiz tetapi okay la boleh pakai lama terima kasih jual,Positive
keselesaanbaju raya materialhelok maaf pic tiada kena mentena baju cantik sarat kain helok sesuai unuk akar macam macam sikit terima kasih jual suka suka,Positive
baju dah sampai puas hati size sama dengan anak alit pun yang baik,Positive
bahan -bahan comfortabilitycomfort hantar pantas saiz fit dengan anak dan suami,Positive
baju raya aak2 sudah sampaisiz okaiz memang tepatkain dia ok sangat sangat2 ee expresstqsellersaya amat puas hatitq,Positive
baju dah sampaicantik sangatanak sukasaiz fit dengan umur anak 7tahuntq sellercolor cantiktema tahun niberbaloiharga murah baring kedai lainboleh repeat lagi lepas ni ni,Positive
comfortabilitygood materialgood tahun -tahun akhir pernah beli dan sekarang kali ke -2 beli baik memang beli saiz besar,Positive
selesa yang tepat bahancotton baju cantik dan hantar cepat anak suka,Positive
comfortabilityselesa hijau hijau ini bright sikit dah nak ke warna grey labuh dan panjang sikittetapi ok jerukpenghantaran pun cepat selamat hari raya maaf zahir batinthanks jual batinthanks,Positive
jahit kemas kain tebal harap anak takpanas bila pakai nantisize fit unak anak umur 3tahun 10 bulan kalau nak nyaman sikit kena ambil size besar,Positive
materialmacam panas comfortabilityokay good anak umur 1tahun 6bulan pakai memang fitbadan saiz sedap2 begitu apa pun baji memang mantap hantar pantas insayaallah terus boleh ulang harga munasabah baja pintar munasabah,Positive
materialkain terbiik sejuk keselesaansa baik sporting sangat disyorkan untuksiapasipa nak cari baju raya,Positive
materialsejuk tetapi mudah carik comfortabilitisok warna saiz beaut,Positive
hantar kain selesa baik cepat dan pantas baju sesuai seperti saiz bagus saya suka suka suka,Positive
parcel sampai dengan elok big sikit baju dengan anak tetapi tak apa lah boleh pakai lagi nanti,Positive
comfortabilitycomfort dan bahan bahan bahan panas bukan panas ke pakai nila harga,Positive
selesa selesai materialkain elok tak nipis tongk panas saiz sesuai dengan anak anak umur tahun dan tahun alhamdulillah tqsm jual kapal hantar laju saya beli ya ya beli ya,Positive
comfortabilitycomfort materialnice tiap tahun repeat sinikain baikk dan comforenjahitan kemas,Positive
comfortabilitycantikik bahan kain mahal perintah malam sampai hari ini samgat pantas jual buat kerja,Positive
selesa -keselesaan bahan bakar iron iron maaf pic video takda kait anak 10 tahunskinny tinggi bar dan labuh dengan dia tetapi ok je boleh pakai lama suka beli kain kain diaenchan tak tak sanagt dan tak perj daripada saku,Positive
comfortabilityselesa untuk kanak -kanak bahancotton lembut serap peluh memang sesuai untuk kanak -kanak raya tak panas serius cun sangat selesa saya risau beli online unak akuk,Positive
materialcantik sarat jahit anda semua jual beli dekat jual ni cepat je diauat keja order cepat sampai fabric baju saiz dengan anak saya 10tahun baju londes tarik tarik tarik warna,Positive
selesa bahan yang baik,Positive
jual amanah materialkain amanah asal produk bungkus khas dan baik cepat responsfast hantar terima kasih,Positive
bahan baik hantar fast warna pin cantik sesuai unak anak umur tahun tengah dan tahun setengahsayang saiz abang tak ada stok terima kasih jual recomended recomended recomended recomended,Positive
materialgiod comfortabilitygood balang smpai pnghantaran yang pantas jual terima kasih,Positive
comfortabilityselesa materialkain ok baju sudah sampai kain cantik jahit kemas terima kasih jual,Positive
materiberkualiti comfortabilityselesa jahit sahan kemassatisfied dengan baju melayu ni terbikkk,Positive
materialkualiti baik baju ok selesacuma kalau ikut sizing baju melayubaju ni agak pendek sedikit kelabuhanyaoverall ok tqsm,Positive
alhamdulillah baju sampai dengan selamat pertama kali beli dalam tali sebab malas nak sesar sesak warna pun sama dengan baju mommy nya kain pun cantik nice je cuma sikit sikat dekat anak anak 5yo denat je jea jea jea jea jea jea jeatin jeatkin jeatin jeatin jeatin jeatin jeatin jeatin jeatin jeatin jeatin jeatin jea jea jea jea jea jea jea jealah beli,Positive
bahan comfortabilitysselesa sesuai dengan dengan anak anak kecil kurus je tahun tetapi ambil yang saiz 34 tahun,Positive
comfortability benar bahan yang baik beli ini untuk adik saya dan dia sangat suka saiz juga baik dan kain adalah warna yang baik di sini rana cahaya tetapi warna dalam hidup benar dengan cahaya yang baik dekat dengan gambar promo yang akan jadi belisekali lagi dengan jual ini pada masa depan ahaha terima kasih tuhan tiba belum minggu depan raya,Positive
terima kasih jual barang sampai dengan safe walaupun lewat sangat tetapi puas hati kain baju bagus dan cantik sesuai lah unak anak pakii raya ni nanti nanti nanti maaf gambar dan video,Positive
materialcomforttable warna cantik kain selesasaiz potong sesuai untuk kanakanak tahun usia bulan maaf gambar tiada kait,Positive
comfortabilityjahitan kemas harga murahh materialnice sesuai dengan harga seluruh puja terima kasih jual akaak tahun bulan,Positive
materimoss crepe comfortabilityterluta selesa anak saya umur tahun berat 15kg baju selesa suami yang cerewet bab material baju pun pun puji bahan baju ini banding jenama kenal dekat luar sana tak panas anak pakai pun pun,Positive
comfortabilityok materialbaik baju ok dan baik saiz sesuai dengan anak baju ada congek sedikit dekat bakat,Positive
kain ada stain sedikit,Neutral
alit kain dan ukur ok tidak pasti sebab apa lubah sebiesar lidi di tiap poket kalau tahu awal nak return ja tetapi tetapi peras lepas basuh tak tahu la jual peras atau tak take take,Negative
beli sampai harga nak dekat rm50 tetapi baju hampeh kotor sudah basuh pakai berus cane pun takleh hilangmungkin langgan lain dapat ok tetapi yang mawa dapat niawak ni berbusiness tu alert lah itemadikku dengan baju kotor,Negative
seluar umur 78 tahun bukan standard anak saya tinggi untuk tahun kira rendah sikit baya tahunseluar sentengdisappointed unit seluar anak tahunboleh hntr seluar edain bayar kos tmbhn untuk alter,Negative
baju senget ukur tak sama poslaju lambat hantar barang dekat 10hari bru smpai baju plk ade kesan kotorso bad rugi duit saya ini,Negative
jual tak response langsung chat baik pon wsp dia kasih blue tick jer time nak beli bukan kejap jer balas nak minta tukar size sebab anak pakai besar potong sedikit besarapa hanya bagitau tak boleh,Negative
pelik kenapa dekat poket baju melayu ada hole sakit mata mata tengok beli baju baru bukan bundle bundle,Negative
perintah pasang baju untuk raya tetapi hantar satu pasang baji cakap nak hantar mula yang tetapi sampai sekarang tak ada respond,Negative
alit bagus tetapi saiz bar betul kena ambil saiz kecil dari normal,Neutral
mula2 ok dan cantik baju tetapi dia punya kain jenis cepat pecah sebab bila pakai je koyak dekat tepi jadi nasihat beli kepada yang untuk beli saiz lebih besar untuk elak jadi ini,Neutral
baju sudah sampai lama belum raya baru mahu kadar tetapi itu la jauh sangat color mustard gold tu mahu cuba kembali untuk ubah saiz tetapi jual tak ada respond langsung baik,Neutral
papar yang sangat kecewa butang mari hantar butang sudah satu hal nak return nak cari masa pergi pos jabat harap shopee larang je niaga basiga papar lain hantar lain hati hati guys papar tak sama dengan barang,Negative
bahan alit bagus baju ok selesacuma kalau ikut sizing baju melayubaju ni agak short sedikit kelabuhanyaoverall ok tqsm,Positive
baju dah sampai kain cantik baju fit dengan tuan nya cuma hantar laa makan masa,Positive
lambat pengeposan6 hari jual pos tu pun lambat betul response naik geram dibuatnyanasib baju cantik tetapi koyak sikit kat baju tujahit sendirah sebab majlis pun dah dekatharap jual lebih cepat,Positive
saya tunggu maklum balas hampir minggu tetapi jual am nikualiti amatteruk terima kasih rana kecewa saya bagai customeremoga hasil pernigaan anda berkat,Negative
jual sangat tonjol sebab selalu balas dalam satu jam saya sangat satisifed dengan baju ini akan ulang perintah lain kali,Positive
khidmat hantar sangat cepat saya perintah isnin khamis dah dapat baju ni cantik dan selesa pakai suami sngt puas hati terima kasih jual sbb jawab segera dan akan repeat order lagi tahun depan,Positive
baju dah sampai dan baju ini sesuai dengan anak saya sangat baik saya akan ulang perintah untuk suami cuma jual lambat balas mesej saya hantar tetapi dua hari lepas baru dapat,Positive
nak minta tukar saiz sbb ank pakai besar potong sedikit besar mintak exchange tetapi kena tolak masa pertama saya rate macam ini saya bukan cerewet cuma,Negative
baju sampai lambat sangat alit teruk harga mahal khidmat buruk tak mengesyorkan langsung,Negative
reka bentuk baju hambar harga tak seebanding hantar lambat gila sangat kecewa elak kedai,Negative
teruk betul baju ni size tak ken kain murah servis teruk tipu tak akan beli lagi,Negative
hantar lambat baju rosak alit teruk tak sesuai dengan harga khidmat buruk,Negative
baju tak sampaisampai size tak kena harga mahal khidmat langgan tak boleh harap,Negative
khidmat teruk betul baju tak selesa harga tak berbaloi tipu besar sangat kecewa,Negative
reka bentuk baju tak cantik langsung alit teruk harga mahal hantar lambat sangat,Negative
baju tak rupa dalam gambar quality teruk harga sangat over service sangat buruk,Negative
saiz baju tak kena kain murah service teruk tidak nila dengan harga ini tak mengesyorkan,Negative
pesan tak sampai baju tak selesa harga mahal khidmat buruk gila jangan beli di sini,Negative
baju melayu lihat gaya tetapi alit kain kecewa hantar tepat pada waktu tetapi tidak nila harga,Neutral
reka bentuk bagus tetapi saiznya adalah kain agak nipis tidak nila wang yang belanja,Neutral
baju cantik tetapi harga terlalu tinggi alit kain hanya rata -rata tidak istimewa,Neutral
servis hantar baik tetapi baju tiba dengan cacat kain kasar tidak puas hati dengan beli,Neutral
reka bentuk gaya tetapi ukur tidak konsisten alit kain boleh terima untuk harga yang bayar,Neutral
baju melayu lihat baik tetapi kain terlalu nipis baik tetapi bukan nilai baik,Neutral
baju sampai dalam ada baik tetapi reka bentuk terlalu sederhana alit kain hanya rata -rata,Neutral
ok la baju ni reka bentuk adalah standard alit kain,Neutral
alit kain ok je reka bentuk mudah dan tidak terlalu colok,Neutral
reka bentuk tarik kain sejuk harga nila untuk alit servis hantar cekap,Neutral
sudah tentu ini ulas tanpa penomboran,Positive
baju melayu cun habis alit hebat harga patut hantar cepat puas hatu dengan servis jual,Positive
kedai dalam tali baik baju cantik reka bentuk moden hantar pantas sizing kena sangat disyorkan untuk semua,Positive
kain sejuk reka bentuk trend baju sampai awal harga berbaloi repeat order dah beberapa kali puas hati,Positive
hantar cepat baju alit tinggi sizing betul harga patut terima kasih jual puas hati dengan beli,Positive
baju stylish gila kain alit harga berbaloi repeat langgan sebab servis muas dan reka bentuk sentiasa uptodate,Positive
baju sampai awal kemas habis kain selesa harga patut servis hantar muas terima kasih jual,Positive
baju cantik sangat kain lembut ukur pada point fast delivery harga berbaloi terima kasih suka suka sangat,Positive
reka bentuk baju tawan hantar pantas harga patut alit kain muas hatu terima kasih banyak jual,Positive
baju sampai awal packaging cantik reka bentuk kreatif harga patut perintah ulang terus servis bagus baik,Positive
baju melayu moden kain alit tinggi harga berbaloi hantar cepat sizing kena puas hati dengan beli saya,Positive
baju melayu ini okay saja reka bentuk standard harga tak terlalu mahal hantar agak cepat alit kain biasabias sai tak terlalu puas hati tetapi boleh,Neutral
baju sampai dalam masa yang reka bentuk patut klasik kain okay harga agak mahal sedikit tetapi alit boleh terima hantar muas boleh bimbang,Neutral
baju melayu ini biasa saja design tak terlalu tarik kain standard harga agak mahal hantar pantas puas hati sedikit mungkin akan,Neutral
baju sampai awal design standard kain agak selesa harga patut hantar muas puas hati sedikit tetapi seluruh baik boleh tian untuk beli lagi,Neutral
baju melayu ini agak reka bentuk standard biasa kain tak terlalu selesa harga patut hantar memuaska puas hati sederhana mungkin akan,Neutral
baju sampai tepat masa reka bentuk tak terlalu tarik kain okay harga agak mahal hantar cepat puas hati sedikit mungkin boleh mencuba,Neutral
baju melayu ini biasabia saja reka bentuk klasik kain standard harga boleh terima hantar muas puas hati sedikit mungkin akan,Neutral
baju sampai dalam ada baik reka bentuk simple kain sejuk harga patut hantar cepat puas hati sederhana mungkin akan,Neutral
baju melayu ini okay lah reka bentuk standard kain boleh terima harga agak mahal hantar muas puas hatu sedikit tetapi seluruh okay boleh pertinbangkan unuk beli lagi,Neutral
baju sampai tepat masa reka bentuk standard kain okay harga patut hantar pantas puas hati sederhana mungkin akan,Neutral
baju melayu teruk reka bentuk hambar kain tak selesa langsung harga lampau mahal hantar lembap puas hati sikit pun tak ada better beli kat kedai fizikal je,Negative
baju sampai tetapi reka bentuk terlalu lama kain kasar sangat tak selesa harga mahal tak berbaloi hantar lembap kecewa betul tak mengesyorkan langsung langsung,Negative
baju melayu tak okay langsung reka bentuk tak tarik kain alit rendah harga mahal hantar ambil masa,Negative
baju sampai teruk design hambar gila kain rupa plastik harga tak masuk akal hantar lembap puas hati sikit pun tak ada better beli dekat kedai je je,Negative
baju melayu ni teruk betul reka bentuk tak tarik kain rupa tisu harga lampau hantar lembap puas hati sikit pun tak ada better cari tempat lain lain lain lain lain lain lain,Negative
baju sampai tetapi teruk reka bentuk outofdate kain kasar sangat harga mahal hantar ambil masa kecewa betul tak mengesyorkan langsung better beli dekat kedai je,Negative
baju melayu teruk reka bentuk tak kreatif langsung kain tak selesa harga mahal hantar ambil masa,Negative
baju sampai tetapi sangat teruk reka bentuk tak modern langsung kain kasar harga terlalu tinggi hantar lembap puas hati sikit pun tak ada better beli dekat kedai je,Negative
baju melayu yang sangat elegan siing fit kain alit tinggi hantar sangat cepat dan bungkus kemas terima kasih seller saya pasti repeat order lagi lagi,Positive
baju cantik sangat harga patut ukur pada point kain sejuk dan servis hantar pantas kedai dalam tali baik unk beli baju melayu modern terima kasih suka suka,Positive
baju melayu yang baik pernah beli design modern kain selesa hantar sangat cepat dan harga perintah ulang munasa,Positive
baju sampai awal kemas habis reka bentuk harga berbaloi kain alit tinggi dan sizing sesuai repeat langgan setia terima kasih shop online yang terbaike,Positive
kedai dalam tali pilih hatu baju melayu cantik harga patut hantar sarat cepat dan khidmat langgan muas saya suka suka suka dengan beli kali ini terima kasih jual kasih,Positive
baju melayu yang sangat tarik kain alit harga berbaloi hantar cepat dan sizing kena ulang perintah dah banyak kali terima kasih pusler puas hati,Positive
baju sampai awal servis tiptop kain sejuk harga patut reka bentuk yang kini dan sizing kena terima kasih jual saya pasti repeat order untuk acara terus,Positive
baju melayu yang sangat elegan hantar pantas kain alit tinggi harga patut dan sizing ons point terima kasih jual ulang pasti puas hati beli,Positive
kedai dalam tali baik untuk beli baju melayu reka bentuk cantik harga berbaloi hantar cepat dan alit kain muas repeat order terus terima kasih suka sangat,Positive
baju sampai awal servis pis design yang tarik harga patut hantar cepat dan sizing kena terima kasih jual saya suka suka sangat dengan beli kali ini,Positive
ulang langgan di sini baju melayu cantik gila sizing perfect fast delivery topnotch service,Positive
baju melayu yang saya beli ni sangat kecewa la kain rasa gila murah dan saiz tak kena langsung,Negative
khidmat langgan orang memang teruk ada masalah dengan order saya dorang macam tak kesah langsung,Negative
saya dapat baju melayu saya lewat gila plus baju tu tak sama langsung macam dalam gambar online memang sesal beli,Negative
alit tak nila harga lepas satu cuci warna dah pudar dan kain jadi teruk,Negative
beli baju melayu sesal betul jahit dia tak tahan lama dah cabut lepas pakai beberapa kali,Negative
khidmat langgan orang lebih buruk saya ada isu dengan order dorang buat tidak tahu je,Negative
baju melayu yang saya dapat bau sangat kimia tak tahu la kalau selamat nak pakai ke tak,Negative
laman web orang sus nak guna dan proses checkout memang keliru akhir dengan sesuatu yang saya tak nak,Negative
saya pesan warna khusus tetapi baju melayu yang sampai warna lain betul frust gila,Negative
fabric dia gatal dan tak selesa langsung sama sekali tidak apa yang saya harap dari terang,Negative
saya dapat keping cacat dan proses pulang susah nak hand,Negative
baju melayu shrink banyak lepas cuci pertama walaupun saya ikut jaga betul betul,Negative
hantar lambat sangat dan bila baju melayu sampai ada noda di atas tak boleh terima,Negative
button kat baju melayu lepas je telah sedikit pakai kawal alit diiorang memang tak ada,Negative
laman web tunjuk style main yang sampai macam produk yang sama sekali berbeza tak puas hati langsung,Negative
carta saiz tak tepat baju melayu yang sampai sama ada terlalu kecik atau terlalu besar padahal saya ikut ukur,Negative
saya dapat item yang rosak dan khidmat langgan tak responsif bila saya nak bayar balik,Negative
jahit tak sekata dan beri baju melayu melayu lihat tak worth wang langsung,Negative
baju melayu yang saya order penuh dengan loose threads jelas dorang tak periksa alit betulbetul,Negative
polisi pulang dia terlalu ketat saya stuck dengan baju melayu yang tak suka dan tak boleh dapat,Negative
baju melayu yang saya beli ni okay la kain kain adalah standard dan harga pun cukup munasabah,Neutral
reka bentuk baju melayu di sini simple je tetapi masih nampak pintar,Neutral
hantar agak pantas baju meloodu sampai dalam ada baik terima kasih,Neutral
baju melayu yang saya dapat ni nampak tepat macam dalam gambar online tanpa kejut jadi kandung,Neutral
kain baju melayu sangat selesa tetapi mungkin boleh tingkat sikit di corak dan warna,Neutral
harga baju melayu di sini saing dan banyak pilih warna,Neutral
saya beli baju melayu ni untuk raya dan ia punya sentuh sentuh tradisional,Neutral
kain tak terlalu tebal sesuai untuk cuaca panas cara seluruh cukup muas,Neutral
baju melayu yang saya beli sesuai dengan tema acara yang saya hadir lawan baik,Neutral
khidmat langgan baik mereka bantu dengan tanya saya tentang sizing terima kasih,Neutral
carta saiz orang cukup tepat sehingga baju melayu yang saya dapat sesuai dengan baik,Neutral
kain baju melayu ni tak mudah kedut yang tambah dengan titik bagi saya,Neutral
harga memang patut untuk alit baju melayu yang saya dapat,Neutral
saya suka dengan sederhana baju melayu reka bentuk kasual dan selesa,Neutral
baju melayu yang saya beli ni serbaguna boleh pakii untuk pelbagami,Neutral
pilih warna untuk baju melayu di sini yang cukup luas banyak pilih,Neutral
kain baju melayu ni mudah untuk kekal tak susah nak besi,Neutral
reka bentuk baju melayu ni classic jadi boleh pakai lama tahun -tahun akan datang,Neutral
masa tindak balas khidmat langgan cukup cepat sangat efisien,Neutral
baju melayu yang saya beli ni ada imbang baik antara elemen tradisional dan moden,Neutral
khidmat langgan orang memang tak bantu langsu saya ada masalah dorang buat tak tahu je,Negative
hantar lambat gila dan baju melayu yang sampai ada defect besar betul betul beli,Negative
laman web sus nak navigasi dan saya tak jumpa info pasal sizing dengan senang,Negative
baju melayu yang saya dapat ada bau pelik seolaholah tak cuci betulbetul,Negative
khidmat langgan orang tak responsif langsung saya panggil dan e -mel banyak kali tak dapat response,Negative
baju melayu yang saya dapat lepas basuh warna dah jadi tak sekata lowquality dye guna,Negative
saya pesan warna khusus tetapi baju melayu yang sampai warna lain betul serius,Negative
kain baju melayu ni scratchy gila saya pakai rasa macam nak gatal je,Negative
jahit pada baju melayu tidak sekata macam takde kawal alit langsung,Negative
baju melayu yang saya beli ni sangat mudah kedut iron pun tak bantu banyak,Negative
polisi pulang diiorang rumit saya tak faham nak buat macam mana,Negative
saya order baju melayu untuk event tetapi kain dia seetherough memang tak boleh pakai langsung,Negative
alit baju melayu ni macam tak konsisten ada bagus ada yang teruk,Negative
baju melayu yang saya dapat ada benang keluar sanasini kain tak kemas langsung,Negative
baju melayu tu iron suri sangat kain dia macam nak resistant smooth,Negative
saya beli baju melayu tu untuk khas khas tetapi bila sampai design dia balik bukan main frust,Negative
baju melayu tu milik sizing macam tak standard saya tak paham la kenapa,Negative
saya dapat baju melayu yang dah lusuh sikit macam orang dah pakai belum ni,Negative
khidmat langgan dolam macam tak faham bahasa saya susah nak komunikasi,Negative
saya bayar untuk express hantar tetapi baju tu sampai lambat aduh memang tak berdlealoi,Negative
baju melayu tu milik hem hem seny kawal alit diiorang tak okay langsung,Negative
saya order baju melayu untuk raya tetapi warna dia dah jadi dull saya rasa tipu,Negative
bahan baju melayu tu clingy sangat tak selesa langsung,Negative
laman web orang muat lambat sahan saya tak sabar nak beli -belah,Negative
saya beli baju melayu tu sebab nak alit tinggi tetapi kain dia nipis sangat tak match dengan description,Negative
saya beli baju melayu tu sebab design cantik tetapi bila sampai design dia dah smudged sungguh kecewa,Negative
harga dia mahal tetapi alit kain dia macam kain biasa je tak worth it langsung,Negative
saya beli baju melayu untuk acara tetapi sizing dia terlalu besar saya rasa cam hantu pakai,Negative
baju melayu tu tak nafas langsung saya rasa panas je bila pakai,Negative
saya order express delivery tetapi baju melayu yang sampai ada banyak loose threads memang tak kemas langsung,Negative
saya rasa okay je dengan beli baju melayu ni alit kain standard harga pun pun pun,Neutral
reka bentuk mudah kain sejuk tetapi tak wow sangat nila untuk harga,Neutral
baju melayu dah sampai dalam ada baik standard je tak ada yang istimewa sangat,Neutral
ukur tetapi rasaanya boleh yang agak tepat tingkat alit lagi kain sikit,Neutral
khidmat hantar pantas tetapi baju melayu ni macam biasa je tak ada yang tonjol,Neutral
baju melayu ni berbaloi dengan harga yang bayar tetapi ada,Neutral
alit kain okay tetapi reka bentuk agak biasa je seluruh okay lah,Neutral
baju melayu yang saya beli sesuai dengan harga yang bayar sederhana je,Neutral
hantar cepat tetapi reka bentuk baju melayu ni tak ada yang wow sangat,Neutral
baju melayu yang saya beli selesa tetapi takde elemen wow yang buat dia berbeza,Neutral
standard je lah baju melayu ni tak ada yang terlalu istimwa,Neutral
kain baju melayu ni agak selesa harga pun okay,Neutral
saya puas hati dengan sizing baju melayu ni tetapi alit kain boleh tingkat lagi,Neutral
baju melayu yang saya beli okay tetapi takdelah terlalu mikat,Neutral
reka bentuk mudah tetapi alit kain standard harga patut,Neutral
baju melayu sesuai dengan harga yang bayar tongk terlalu istimewa tetapi okay,Neutral
alit kain lumayan tetapi saya harap reka bentuk boleh lebih kreatif sikit,Neutral
saya puas hati dengan beli baju melayu ni tidak terlalu mewah tetapi okay,Neutral
hantar pantas tetapi baju melayu ni agak biasa je tak ada ada yang brengangkan,Neutral
baju melayu yang saya dapat selesa dan kain okay design standard,Neutral
harga patut untuk alit yang beri design tak terlalu colok,Neutral
baju melayu yang saya beli okay tetapi boleh tingkat sikit pada alit kain,Neutral
saya suka hantar yang pantas baju melayu pun standard je,Neutral
kain baju melayu ni selesa tetapi reka bentuk agak biasa tidak terlalu terlalu,Neutral
saiz okay tetapi saya harap ada lebih banyak pilih reka bentuk yang tarik,Neutral
baju melayu ni okay untuk guna sederhana je,Neutral
harga berbaloi dengan alit baju melayu yang saya dapat,Neutral
saya puas hati dengan beli baju melayu ni tongk terlalu mewah tetapi okay,Neutral
baju melayu yang saya beli okay tetapi takdelah terlalu berbeza dari yang lain,Neutral
standard je lah baju melayu ni tak ada yang terlalu colok,Neutral
baju melayu yang saya beli ni okay je lah material kain dia macam lapik meja plastik tetapi harga patut,Neutral
khidmat langgan orang memang hampeh takde keje langsung tetapi hantar cepat,Neutral
baju melayu sampai lambat gila reka bentuk pun tak sama macam dalam gambar,Neutral
alit kain macam kain pasar malam tak padan dengan harga tinggi,Neutral
sizing tak tepat langsung saya rasa macam baju sekolah zaman rendah,Neutral
baju melayu saya dah koyak belum pakai memang tak alit langsung,Neutral
reka bentuk baju melayu tak uptodate langsung macam zaman nenek moyang,Neutral
kain baju melayu ni garik gila takleh nak pakai aduh rugi duit,Neutral
saya dapat baju melayu yang bau hapak kain dia macam dah lama simpan dalam almari,Neutral
hantar lembap gila baju melayu pun tak ada wow factor langsung,Neutral
baju melayu yang saya beli tu warna dia tak sama macam dalam gambar tipu,Neutral
alit baju melayu ni sangat buruk tinggi bikin marah marah,Neutral
khidmat langgan orang tak boleh harap langsung saya tanya dorang buat tidak tahu jeeee,Neutral
baju kurta saya ada banyak benang keluar macam takde check quality langsung,Neutral
baju kurta yang saya order tu ada banyak cacat macam tolak dari,Neutral
alit kain standard tetapi reka bentuk baju kurta biasa je,Neutral
hantar pantas tetapi kain tak terlalu alit tinggi,Neutral
saya puas hatu dengan sizing baju kurta ni kain okay,Neutral
baju kurta ni sesuai dengan harga yang bayar tongk ada yang terlalu istimwa,Neutral
reka bentuk baju kurta tarik tetapi alit kain agak standard,Neutral
harga patut untuk baju kurta yang saya dapat tidak terlalu mewah,Neutral
kain baju kurta ni selesa tetapi reka bentuk agak biasa je,Neutral
khidmat langgan boleh tetapi ada ruang untuk penambahbaikan,Neutral
baju kurta yang saya order sesuai dengan sizing chart tetapi tak ada terlalu colok,Neutral
kain baju kurta ni garik gila takleh nak pakai aduh rugi duit,Negative
saya dapat baju kurta yang bau hapak kain macam dah lama simpan dalam almari,Negative
hantar lembap gila baju kurta pun tak ada wow factor langsung,Negative
baju kurta yang saya beli tu warna dia tak sama macam dalam gambar tipu,Negative
alit baju kurta ni teruk gila harga tinggi bikin marah,Negative
khidmat langgan orang tak boleh harap langsung saya tanya dorang buat tidak tahu je,Negative
baju kurta saya ada banyak benang keluar macam takde check quality langsung,Negative
saya suka dengan design baju kurta ni cuma alit kain agak soso,Neutral
khidmat langgan baik tetapi takde la terlalu sangat responsif,Neutral
baju kurta sampai dalam ada baik tetapi tak ada yang standout,Neutral
sizing tak tepat langsung saya rasa macam baju sekolah zaman rendah,Negative
baju kurta saya dah koyakkum pakai memang tak alit langsung,Negative
baju melayu yang saya beli ni okay la alit kain memang standard dan harga pun munasabah,Neutral
reka bentuk saya suka baju melayu di sini tarik terlalu fancy tetapi tetap nampak smart,Neutral
hantar agak cepat baju melayu pun sampai dalam ada baik terima kasih,Neutral
baju melayu yang saya dapat sesuai dengan gambar dalam tali tidak ada kejut jadi kandung,Neutral
kain baju melayu sangat selesa tetapi mungkin boleh tingkat sikit pada corak dan warna,Neutral
harga baju melayu di sini saing dan pilih warna cukup pelbagai,Neutral
saya beli baju melayu ni untuk raya dan ia memang cukup tradisional suka,Neutral
kain tak terlalu tebal sesuai untuk cuaca panas cara seluruh muas,Neutral
baju melayu yang saya beli cukup sesuai dengan tema acara yang saya hadir lawan baik,Neutral
khidmat langgan baik mereka bantu dengan tanya saya tenta tening terima kasih,Neutral
sabab deliver delivery lambat sangat event dah habis baju sampai,Negative
kain baju melayu yang saya dapat bau pelik seolaholah tak cuci betulbetul,Negative
khidmat langgan orang tak bantu langsu saya ada isu dorang buat tak peduli,Negative
saya beli baju melayu utuk acara penting tetapi reka bentuk dia macam tak profesional langsung terlalu mudah,Negative
baju melayu yang saya beli ni memang pada point alit kain dia tiptop dan harga sangat patut,Positive
reka bentuk baju melayu di sini sini sangat gaya modern tetapi masih tahan sentuh tradisional,Positive
hantar pantas baju melayu sampai dalam ada sempurna terima kasih banya,Positive
baju melayu yang saya beli memang pictureperfect lihat lebih baik cara peribadi,Positive
kain baju melayu sangat selesa dan corak serta warna sangat tarik,Positive
harga baju melayu di sini berbaloibaloi dan banyak pilih warna yang cantik,Positive
saya beli baju melayu ni untuk acara dan ia curi ramai puji reka bentuk yang,Positive
kain tak terlalu tebal sempurna untuk cuaca panas sangat selesa,Positive
baju melayu yang saya beli sesuai dengan gambar dalam tali tidak ada kecewa yang sangat puas hati,Positive
khidmat langgan orang sangat bantu saya ada tanya mereka jawab dengan clarity,Positive
carta saiz orang betulbetul akurat baju melayu yang saya beli sesuai dengan sempurna,Positive
kain baju melayu ni tak mudah kedut jadi tak perlu iron berkalikali,Positive
harga baju melayu memang patut untuk alit yang beri,Positive
suka suka suka baju melayu reka bentuk klasik dan elegant,Positive
baju melayu yang saya beli ni sangat sampah boleh pakai untuk pelbagami acara,Positive
pilih warna untuk baju melayu di sini sangat sangat banyak pilih yang tarik,Positive
kain baju melayu ni senang nak kekal tak perlu peningpening nak jaga,Positive
reka bentuk baju melayu ni abadi sehingga boleh pakai lama tahun -tahun akan datang,Positive
masa respons khidmat langgan sangat cepat dan sangat bantu,Positive
baju melayu yang saya beli ni memang ada faktor wow rasa yakin maka,Positive
proses userfriendly dan checkout laman web sangat mudah,Positive
baju melayu yang saya beli ni sangat sesuai dengan tema acara yang saya hadir,Positive
harga yang bayar betulbetul nila nilai untuk wang,Positive
baju melayu ni tak hanya nampak cantik tetapi alit kain memang baik,Positive
saya beli baju melayu untuk raya dan lebih jangka saya,Positive
warna baju melayu ni sangat vibrant memang nampak standout,Positive
baju melayu ni sangat ontrend rasa gaya maka,Positive
khidmat langgan diiorang mesra dan profesional ahli jawapan yang muas,Positive
baju melayu yang saya beli ni adalah pilih yang sangat reka bentuk tepat dan alit baik,Positive
baju melayu yang saya dapat sangat selesa dan padan dengan selera saya,Positive
selesa bahan selesa bagus tiap tahun ulang kat sini kain sngt baik dan selesa jugak stitching neat,Positive
selesa bahan cantik akan kain mahal perintah malam tiba hari ini jual kerja sangat cepat terima kasih,Positive
selesa selesa bahan tebal senjala iron maaf tidak pics atau video 10 tahun kanak -kanak kurus sesuai dengan selesa dan mudah untuk besi butang siap sudah jahit dekat baju itu yang loveeeee sangat jual yang percaya,Positive
comfortabilityselesa untuk kanak -kanak bahancotton lembut serap peluh memang sesuai untuk kanak -kanak raya tak panas serius cun sangat selesa saya risau beli online unak akuk,Positive
materialcantik sarat jahit anda semua jual beli dekat jual ni mereka kerja cepat perintah cepat sampai kain baju saiz dengan anak saya 10tahun baju lawa warna sngt hati hehe hehe hehe,Positive
selesa bahan yang baik,Positive
jual amanah materialkain tebal amanah asal produk pembu,Positive
materialterbaik hantar cepat warna pun cantikfit untuk anak umur tahun tengah dan tahun setengahkesian saiz abang tak ada stok terima kasih jual kitar mula,Positive
bahan baik selesa barang barang sudah sampai png hantar yang pantas terima kasih jual,Positive
selesa selesa bahan kain ok baju telah tiba kain cantik jahit kemas terima kasih jual,Positive
materiberkualiti comfortabilityselesa jahit sahan kemassatisfied dengan baju melayu ni terbikkk,Positive
materialkualiti baik baju ok selesacuma kalau ikut sizing baju melayubaju ni agak pendek sedikit kelabuhanyaoverall ok tqsm,Positive
alhamdulillah baju sampai dengan selamat pertama kali beli dalam tali sebab malas nak sesar sesak warna pun sama dengan baju mommy nya kain pun cantik nice je cuma sikit sikat dekat anak anak 5yo denat je jea jea jea jea jea jea jeatin jeatkin jeatin jeatin jeatin jeatin jeatin jeatin jeatin jeatin jeatin jeatin jea jea jea jea jea jea jea jealah beli,Positive
bahan alit baik baju itu baik -baik saja dan selesa hanya sedikit jika anda ikut ukur baju melayu tetapi cara seluruh baik -baik saja terima kasih banyak,Positive
selesa yang baik -baik -baik -baik -yang moyang yang baik beli baju melayu ni untuk saudara saya yang lil saya dan dia sangat suka saiz juga baik dan kain adalah warna yang baik di sini rana cahaya tetapi warna dalam hidup benar dengan cahaya yang baik dekat dengan promogambar akan beli lagi dengan jual ini pada masa depan ahaha terima kasih tuhan tiba belum minggu depan raya,Positive
terima kasih jual barang sampai dengan safe walaupun lewat sangat tetapi puas hati kain baju bagus dan cainik sesuai lah untuk anak pakii raya ni nanti maaf picture dan video,Positive
materialcomforttable warna cantik kain selesasaiz potong sesuai untuk kanakanak tahun usia bulan maaf gambar tiada kait,Positive
comfortabilityjahitan kemas harga murahh materialnice sesuai dengan harga seluruh puja terima kasih jual anak tahun bulan,Positive
materimoss crepe comfortabilityterluta selesa anak saya umur tahun berat 15kg baju selesa suami yang cerewet bab bahan baju pun pun puji bahan baju ini banding jenama kenal dekat luar sana taka anak pakai pun,Positive
alhamdulillah baju itu tiba dengan selamat pertama kali beli dalam tali rana tidak mahu urus dengan orang ramai warna yang sama seperti baju ibu saya kain itu cantik hanya sedikit pendek untuk 5yo dan 7yo saya mungkin mereka boleh maka sekali atau dua kali tetapi tidak murahkerugian besar hehe,Positive
tidak suka baju melayu ini sangat teruk kain,Negative
khidmat langgan sangat perlahan saya tanya banyak kali jawapan tak kena,Negative
hantar lambat gila saya dah dapat baju lain lagi belum ni sampai,Negative
laman web orang pusingpusing macam putar belit tak boleh nak cari saiz dengan senang,Negative
baju melayu yang saya dapat ni ada bau memang memang tak boleh pakai,Negative
khidmat langgan teruk asyik abai je saya adu dorang buat tak dengar,Negative
khidmat langgan hantar lewat lambat tidak balas langsung saya rasa kecewa,Negative
saya order warna specific tetapi yang sampai warna salah pilih serius,Negative
kain baju melayu ni gatal gila rasa macam ada serbuk gatal dalam kain,Negative
saya rasa kecewa jahit pada baju melayu lihat seperti yang laku oleh teruk ayam buta,Negative
kain baju melayu ni koyak dekat butang alit kawal mana,Negative
baju melayu yang saya beli ni reka bentuk dia gila tak tarik langsung,Negative
bahan kain ni memang leceh baju ni sejuk macam duduk dalam peti ais,Negative
khidmat langgan macam hantu saya e -mel tak dapat jawapan langsung,Negative
baju melayu yang saya beli kain nipis macam tisu tak berbaloi,Negative
saya bayar mahalmahal tetapi dapat baju melayu yang kawal alit cacat di mana,Negative
baju melayu ni ada stain macam tak cuci betul belum hantar,Negative
saya bayar untuk warna adat tetapi yang sampai warna t syak lawan sungguh kecewa,Negative
baju melayu ini sangat teruk,Negative
hantar lambat gila raya dah nak sampai baju belum sampai,Negative
saya beli unak anak tetapi saiz tak kena langsung terlalu besar,Negative
kain baju melayu ni tak tahan lama cepat je koyak,Negative
masa respons khidmat langgan macam siput slow sangat,Negative
saya beli untuk family semua baju tak padan,Negative
baju melayu ni macam tak ironfriendly susah nak kenal,Negative
baju melayu yang saya beli ni corak tak padan gambar dengan,Negative
khidmat langgan orang asyik abai je saya adu dorang buat tak dengar,Negative
reka bentuk pada baju melayu ni gila tak jauh ikut trend langsung,Negative
baju melayu yang saya dapat ada bau pelik seolaholah tak cuci betulbetul,Negative
khidmat langgan orang tak responsif langsung saya panggil dan e -mel banyak kali tak dapat response,Negative
baju melayu yang saya dapat lepas basuh warna sudah jadi tak sekata lowquality dye guna,Negative
ku pesan warna khusus tetapi baju melayu yang sampai warna lain betul serius,Negative
kain baju melayu ni scratchy gila saya pakai rasa macam nak gatal je,Negative
baju melayu ni jadi meh kain tak sedap langsung dah macam plastik,Negative
laman web orang keliru gila macam masuk maze nak cari baju,Negative
baju melayu yang saya beli ni jelek sangat tak boleh pakai,Negative
kain baju melayu ni macam koyak koyak sangat kecewa,Negative
khidmat langgan macam takda profesionalisme langsung,Negative
baju melayu yang saya dapat warna sangat dari tak sama langsung dengan laman web,Negative
hantar lambat gila sampai rumah dah tak sabarsabar tetapi takde jugak,Negative
baju kurta yang saya beli tu warna dia tak sama macam dalam gambar tipu,Negative
khidmat langgan dorang abai adu saya bagi maklum balas takde tindak langsung,Negative
baju melayu yang saya beli ni gatal gila saya pakai rasa nak gatal je terus,Negative
laman web orang perlahan macam siput nak layar pun jadi malas,Negative
saya bayar untuk express hantar tetapi baju melayu sampai lewat gila bukan express langsung,Negative
baju melayu ni sangat loose tak padan carta saiz dengan,Negative
baju senget ukur tak sama poslaju lambat hantar barang dekat 10hari baru sampai baju plk ade kesan kotor so bad rugi duit saya ini,Negative
baju melayu yang saya beli ni ada hole kecil saya kecewa gila,Negative
baju melayu yang saya beli ni ada noda alit lubang tak padan dengan harga,Negative
khidmat langgan dorang tongka etika saya adu dorang buat tak endah,Negative
terima kasih sellerpenghantan pantas kilatberdesup sampai kain bestsaiz ngamselesa itu mesti warna pon cantikcutting pon cantik terbaikkkk,Positive
lmbt sikit la kain pon tak bpe bagus sgt ni apa yang moden nya entah baju besah sgt ni wey,Negative
hantar laju bahan kain pun sejuk jahit kemas puas hati,Positive
alhamdulillah kain bagus saiz ngam2 hantar pun cepat suka sgt,Positive
khidmat bassssss cepat betul sampai bahan takat ok la kena dgn harga baloi2 kale saiz suma ok thorbaik,Positive
dah terima order xl tetapi biasa dapat xl slimfit warna pun tidak berapa krim lebih kpd cahaya kuning,Positive
paksa bagi je sbb ade sikit kotor kt bhgian cerut pinggang seluae tetapi seluruh okay je ngn ngn saiz kalau ikut size chart yang beri beri,Positive
pada baju ada warna merah cuba basih tidak hilang kesan merah tu,Neutral
sedikit warna berbeza dari gambar dan saiz punya moden dan potong macam yang biasa,Negative
warna nude kita minta warna lain yang sampai lupa tu takde butang kata ada percuma butang sangat kecewa,Negative
tolak ikut saiz yang saya nak,Positive
ukur tak sama saiz besar,Negative
