translated_text_en,Product Rating
Kurta shirts are in good condition but pull there,3
The right sizing is right I feel like a high school dress ExpressionFlessFace,2
Kurta shirt I was torn before wearing the direct quality of facewithrollingeyes,2
Beautiful fabric delivery Thank you Seller is still waiting for 2 shirts for a late post out of this one from this one,5
Safe clothes landed beautiful and tasty fabric in the friendly seller of Abg J T's fast,5
Beautiful Post Shirts in 4hri Quality Okay la thank you zanyface seller zanyface zanyface zanyface,5
Safe to thank you yes size is the same as in the measurement chart,5
Good packaging and good items Safe no damage and plastic leaks in video wrap no good and soft cloth,5
Size 3 4 Ok All Beautiful Sewing Shirts Size 1 2 Sewing neat but there is a bit of stainless steel shirt now,5
Perfect delivery is very fast quality fabric even best 1 year 11 months amicable size 1 2 fitÂ² respondent seller is fast,5
Good Material Goods Until Good Sellers Good Seller There is a provision will repeat the order again Thank you Best SellersKkkkkkkkkkkkkkkkkkk,5
Beautiful clothing is ok to use a quick delivery of the seller service is best easy to deal with if it is 10 stars for,5
Tq goods have reached aak2 like the best put fabric can repeat intone thumbsplightskintone thumbsuplightskintone thumbsplightskintone thumbsuplightskintone thumbsplightskintone thumbsuplightskintone bsuplightskintone thumbsplightskintone thumbsuplightkintone thumbles One ThumbsUPLIGHTSKINTONE THUMBSUPLIGHTSKINTONE THUMBSUPLIGHTSKINTONE THUMBLIGHTONE THUMUMBLIGHTONE UplightSkintone Thumbsupmedium Lightskintone ThumbsUPlightSkintone ThumbsplightSkintone ThumbsUplightSkintone ThumbsuplightSkintone ThumbsUplightSkintone Star Star Star Star Star StarStar Star Star Star Star Star Star Star Star Star Star,5
Beautiful colors wey hard to find this color that has been sold for sale early tq yes this is a fashion for 2021 even though the cross -bite is still okbye okbye okbye okbye,5
Alhamdulillah all okay fabric is pretty colorful delivery is also considered the speed of the stick for the day to order Friday Monday hntr is ok Saturday posting postwithhandovermouth holidays,5
"At first the seller contacted to say that the color cream was not to be changed at the end of the nude cream, however, the TQ seller was friendly and helpful just a slow post",5
Beautiful fabric Very Fit Fit Size Kids Thank You Cheap Price Seller With Quality,5
The shirt of the size of the stick is slow to deliver the goods close to 10 days until the plk is dirty so bad the money I lost this money,1
Items received in good condition OK quality are acceptable as the size of the price range 8 suits my 8 -year -old nephew but I think taking size 1 is larger as he gets a relatively high shipping response from the seller to the courier is slow,5
The fast delivery of the wedge is appropriate to fit the size of the long hand very long to fix the whole whole all satisfying the good sewing special buttons the sumus remove the afternoon after the afternoon after the removal after the afternoon after removing the afternoonAfter the afternoon after the removal after removing after removing after removing after removing after removing after removing after removing after removing after removing,5
Beautiful clothes and fabrics can be faced facewithtearsofjoy,5
My clothes are with my sister 6 years of age next year.,5
Quality fabrics are good fabrics used only size 5 for 5 year olds Size 9 as well as 9 years old if the body of the body is right,5
The order received with thanks to smilingfacewithhearts comfortable cloth used is recommended thumbsup thumbsup thumbsup thumbsup thumbsup shirt is fit2 my child a year a month thumbsup,5
Best Beautiful Shirts Fit 2 with 1 year old 10 months old Sais 1 2y,5
Quality of stitches and fabrics ok size 5,5
Waiting for a week of como crepe stitches even neat tq seller,5
Beautiful cloth is reasonably priced for the youngest sister to apologize for the video to fast fasting,5
The perfect product size is just not quality and the price is just great,5
SAFETY SAFETY TO THE FITS WITH THE CHILDREN'S SUCCESSFUL SHOP BUT THE BEST SHOPS,5
Items are in good condition with a good package thank the seller,5
The fabric and color are all beautiful types of fabrics that are easy to wrinkle but comfortable for kids and weather near my Msia size 3 4 years if there is a slice of that size.,5
Cun cloth size according to normal body size if you want to loose a little bit of a big size color not really maroon but it's ok to love the seller,5
BJ Beautiful Shipment Quickly Paying Day already got TQ Seller,5
Beautiful quality of clothes fits my ank delivery too fast,5
Fit Quality Shirts Size Cun is just a speeding post for how much time a week is just a week until J T is always 2 to 3 days,5
The good seller really treats me wrongly buying the size of the kid's shirt ready to post again thank you loudlycryingface if tink misses the money to make a shirt shirt even fast tqtqtq,5
Beautiful shirts Long hand Long time can fold or sew delivery Slow poslaju,5
The shirt has reached a beautiful cloth with the Fit2 shirt with the master is just a delivery of time,4
This kind of rubber pants is a button on this kind of clip it is very beautiful this is a breathing material it is okay if the kids are active until the evening TQ sellers tq,5
Delivery takes a little time the last order is placed the goods securely wrapped with a wrap of the fabric bubble matching the cents spent,5
I ordered 3 pairs of clothes but for only 2 pairs it had been a long time until no pair of clothes would have to wear it a little bit cryingface cryingface cryingface but very satisfied fabric,3
Fit size with me and beautiful fabric and neat stitches will buy more tq,5
My son wants to go 6 years old in size 7 8 is a fit2 fate to pull size 5 6 because his body is high in beautiful fabric neatly delivered last night until today the best seller,5
Best fabric and cutting is just like a 5 -year AAK measurement,5
Soft and comfortable fabric Type Snap Type Easily Wearable Color Gold Mustard The best measurement is very accurate kids,5
Beautiful shirts Cutting Ok the same color as in the picture of a fabric like a little but it is nice to wear it when you wash it ok,5
The fabric is very comfortable and the size is good enough,5
Shirts and pants fit with my child Age 2 4m Weight 12kg fabric Very satisfied recommended,5
Very beautiful clothes I like kids love Fit2 size 7 years old Material ok all ok can use it later yeay tq,5
Sewing neatly sizes All Ok Delivery is fast thanks for grinningface HEREWITHSMININGEYES FacewithtearsofJoy RollingonthefloorLaughing GrinningWithBigeyes GrinningwithsMilingeyes GrinningWithSwitheats,5
Best Seller Delivery is really good fabric Beautiful Sewing Very neat color fabric Sedondon kids and dad,5
Steady crazy fabric beautiful color in lake tendency when wearing handsome thank God,5
Beautiful quality clothes are good and enough for 6 -year -olds,5
Blue she melts a little but still baby blue size fit with body just swallowing pretty cool pants.,5
Beautiful fabric tastes like a pretty hot fabric,5
Aak2 shirts have been staring at the size of the fabric of the size of the younger sister of the age of 6y weighing 20kg 8y weighing 22kg of the seller will be repeated redheart redheart redheart redheart redheart,5
Items have received the shirt looks ok the best delivery,5
Beautiful Malay Shirts Crazy Delivery Fast Delivery At Point Highly recommend this online store,5
Modern Design Soft Cloth Buy Two Can Discount Service Service Thank you,5
BEST BEST QUALITY QUALITY QUALITY RECOVERY PRICE Repeated Customer Here,5
Trendy Satisfied Shirts Expired Full Shipment Full Recommendations Thank You Seller,5
online store,5
Repeat the 3rd order of the quality of the quality.,5
Likes very much the design of the best chilled fabric shirts the best fast delivery,5
The quality of the fabric minus the design is ok but is a bit disappointed with the quality of the material,2
The first time you buy is satisfied with the affordable beautiful shirt will repeat the order,5
Modern design Price is worth the comfortable fabric very fast delivery is the best,5
Shirts until the beginning of quality are the top size tips for the recommended price,5
Items are safe to be very satisfied with the quality of the neat stitches,5
The color as in the pic of the size is fit2 with the body of the child afraid,5
The fabric material is ok even the size of the body of the body because of the chubby,5
The 2nd time buy after the first purchase of the Size Sleepyface this time the size is ok just a little bit of a little 7 -year -old 25kg of comfortable fabric because it is able to order again who wants to buy 8 dm size ok no one wants to wear smilingfacewithsmilingeyes tq seller hatitq hatitqBrother Post Recommended Thumbsup Thumbsup,5
Satisfaction is a very beautiful fabric indeed the seller is believed to be delivered fast,5
The shirt is ok but it is hard to get in the head to get the child's arms a little but darker than the pink you are looking for,5
Very beautiful shirt Sewing neatly color 2 suitable for baby 1 year 3 months just a little long hand but can be alter for size 3 4 years The shirt is a little short maybe my child is tall facewithhandovermouth button shirt is very good but overall satisfied nextmasaBuy more,5
The fabric is okay the stick too thick for the little ones to be the best for the morning,5
Fast delivery receipt in good condition fabric very good Best Sorry Video Tin ensy has to do,5
The seller TQ shirt is fast but the easyya fabric is full of thin pulls very thick,5
Delivery can be durable as well as to use J t at that time J t Damansara has problems grinningwithswithswithswithswithswithswithwithswithswithswithswithswithswithswithswithswithswithswithswithswithswithswithswithswithswithswithswithswithswithswiths ithswithswithswithswithswithswithswithswithswithswithswithswithswithswithswithswithswithswithswithswithswithswithswithswithswithswithswithswithswithswithswithswithswith,5
Seller ok recomended Very beautiful Good shipping Thumbsup Thumbsup Sorry video minus has something to do with foldedhands foldedhands,5
The good material is slow slowing down the new 6 -day poster poster post out is slow to respond to the fate of the beautiful clothes but it is a little torn to sew it alone because the ceremony is close to hope the seller responds fast when we ask,4
Comfortable Materials All good is okay kids love the most importantly comfortable,5
Material okay comfort okay fabric okay standard shirt shirt beautifully shirt a little bit because 1 year old 1 month take size 1 2 years close to size 2 but okay it can be used long thank you seller,5
Comfortable Shirts Material Sorry Pic has nothing to do with beautiful clothes,5
The shirt has been satisfied with the same quality as the best quality child,5
Soft Comfortable Material Comfortable Delivery Fit Size With Children and Husband,5
The kid's shirt is already the size of the size of the cloth.,5
The clothes are so beautiful to love the size of 8 fit with the age of 7 years old tq the beautiful color seller this year is worth the price of lying on another store can be repeated again later,5
Good comfort ThumbsuplightSkintone Good Material ThumbsuplightSkintone years -Last year ever bought and now -2nd buy good hand,5
Comfortable Size The exact materials of beautiful clothes and fast delivery of children love,5
Comfort Comfortable Dusty Green This Bright is a bit of a gray color and a little long but Ok the shipping is fast Happy Holidays Sorry Zahir Inner Thank You Seller,5
Thick stitches of thick fabric hope your child is wearing a size of 3 years old and 10 years old if you want to nosight a little big size,5
Heating material Comfortable okay Good Children 1 year old 6 months of use is a good body size so no matter what the shirt is really fast delivery InsayaAllah,5
Comfortable clothing material is so good that I can get a shirt even though I am a nude cream er porbaik sporting is highly recommended for anyone who wants to find a shirt,5
Cold but younger Comfortable Comfortable Color Beautiful Size Fit but Fabric Type Quick New Child Wearing Pants It starts to see the effects of the stitches from the inside,4
Delivery of the best comfortable fabric fast and fast clothes fits like a nice size I like to love,5
The parcel reaches a little bit of a little clothes with the child but pull what it can wear later,5
Comfortable Comfort and Hot Materials Good Material Non -Hot To Wear ThumbsplightSkintone is worth the price,5
Comfort Comfortable Fabric Material Pull Thin Pull Hot Size Suitable for 3 -year -olds and 5 years old Alhamdulillah Tqsm Ship seller and fast delivery I bought yes,5
Comfortable Nice Comfortable Materials Every year here is a good and comfortable sewing,5
The comfort of the beautiful material is as expensive fabric of the order yesterday until today,5
Comfort Comfortable Material Smile Iron Sorry Video Not Related to 10 -Year -Old Skinny Skinny Large and Sweat With Him But Ok Can Wear Long Like to Buy Because Her Fabric Iron Sanagt Tongs and Bright Too Thin Thin Thin Thin Thin Thin Thin ThinnerConsiderably,5
Comfortable Comfort for Children Soft Sweat Cotton Materials Ideal for Children Pulls Serious Hot Cun Very Comfortable I Worry To Buy Online,5
Beautiful material you all have to buy it near this seller quickly when he makes a quick order until the fabric of the size of the size with my son 10,5
The comfort of the good material is very beautiful size even for only a year ago but pull what can fold the fabric ok the seller is very friendly and very helpful,5
Bold Fabric Trust Sellers Checkmarkbutton Hundreds of Original Packaging Products Packaging and Good ThumbsplightSkintone ThumbsplightSkintone ThumbsuplightSkintone Response Quick Delivery,5
The best materials are also beautiful color delivery for 2 years and 6 years old and 6 years old,5
Material giod comfortability good goods have reached fast delivery tq seller thumbs up smile face,5
Comfort Comfortable Fabric Material Ok Shirts HAVE BEEN BENEFITS,5
Quality Material Comfortability Comfortable Sewing Very neatly satisfied with this Best Malay Shirt,5
Good quality material is ok to be comfortable just if you follow the shirt of the shirt this shirt is a bit short of the whole ok tqsm,4
Alhamdulillah's clothes are safe first time buy online because they are lazy to have a lot of color like their mommy's clothes are pretty nice enough just a little bit close to 5yo and 7yo kids maybe two can be worn but it's not cheap not to loseBuy,5
The best comfort material is comfortable with the 5 -year -old acne but take the size of 3 4 years,5
Excellent Material Comfort Excellent Buy this for my sister and she really likes it Size is also good and fabric is a good color here because of lighting but real life colors with good lighting close to promotional pictures buy again with this seller at timefront ahaha thank god arrive before next week loudlycryingface rollingonthefloorlaughing rollingonthefloorlaughing,5
Thank you for the seller to SAFE even though it is very late but be satisfied with the good and beautiful clothes suitable for the children of this public will be sorry and the video,5
Beautiful Color Material Comfortable Fabric Size Suitable for 1 year old 3 months Sorry picture has nothing to do with,5
Nice Nice Material Comfort Comfort Comment to the overall price,5
Moss Crepe Comfortability Terpae Comfortable 3 -year -old 15kg Husband's comfortable shirt I talk about even praising this shirt material,5
Comfort Ok Good Materials Ok and Good Size Suitable for Children,5
The fabric has a slight stain,3
The quality of the fabric and the size of the OK is not sure why the lisa is as big as the pocket if you know the beginning to return but but notice the washing the stick knows the seller or tiden pension,2
Buy up to the price near RM50 but the dirty shirt is already washed with a cane brush even if other customers may be able to complete my sister with dirty clothes,2
7 -year -old pants are not standard size my child is high for 8 years of low low 7 year old pants Disappointed 2 year old pants units can be able to pair the qc should be qc before the clutches of the claws of the shop n byr costs for alter,2
The shirt of the size of the stick is slow to deliver the goods near 10 days when the plk clothes are dirty so bad the money I first bought in this bad shoppe service like this,1
The seller minus the response just to say that the minus can,1
It's weird why near the pocket of a Malay shirt there is a hole eye sore eye to buy a new shirt instead of a bundle of bundle,1
ordered 2 pairs of wedge for the highway but sent one pair of clothes to send it back but until now there is a response,1
Good size but quality West M is right to take 1 small size from normal,3
It was ok and his clothes were ok but he had a fabric fabric quickly because when wearing a koyake near the edge so I advised the buyer to others to buy more to avoid this incident,3
The shirt has been a long time before the new election wants to rate but it is very much the color of the gold mustard that smilfacewithtear facewithtearsofjoy wants to try back,3
Very disappointed display 3 buttons Let's send 5 buttons already one thing to return to find the time to go post office Hope shopee is forbidden for this other display to send another heart guys push the same as the goods,1
Good quality material is ok to be comfortable just to follow the size of the shirt this shirt is a bit short a little overall ok tqsm,4
The shirt has reached a beautiful cloth with the master with the master just delivering time,4
Slowly posting 6 new day sellers Post out is too late Response is upset Making the fate of the clothes is beautiful but it is a little torn to the shirt itself sewing because the ceremony is near,4
I waited for the feedback for almost a week but the seller still rejected my PM respondents so I had to rating badly I was very disappointed with the quality of the clothes bought this praise.,1
The seller is very prominent because always in return in an hour I am very satisifed with this shirt I will repeat the order next time,5
The delivery service was very fast I ordered Monday Thursday got this beautiful and comfortable dress with my husband and thank you for the seller for a quick answer and will repeat the order again next year,5
The clothes are up and this dress suits my son very well I will repeat the order for the husband just the seller is slow to reply to my message but two days ago,4
I want to ask for a size to change the size of a large cut to cut the exchange but I have to reject my first time a rate like this I can't talk about it,1
The clothes are slow to be very poor quality expensive prices Service bad Tongs recommend live,1
Design of bladder Price Price Tongkai Delivery Slow Crazy Very Disappointed Avoid Shops,2
This is really bad in size to get rid of cheap fabrics bad service cheating sticks to buy more,1
Slow delivery of bad quality shirts are severely minimized according to bad prices,1
Tink's shirt to the size of the price of the expensive price of customer service can be hoped,2
Bad Service Service Comfortable Comfortable Tongue Price Western fraudsters are very disappointed,1
The design of the beautiful sticks is a very bad quality of the expensive price of delivery very slowly,2
Similar Tongka Shirts in Pictures Poor Quality Price Very More Service Very Bad,1
The size of a stick of a bad service is not worth the service,2
Tink's order to the shirt of crazy expensive service management do not buy here,1
The Malay shirt looks stylish but the quality of the fabric disappoints the delivery is timely but not worth the price,3
The design is nice but its size is a slightly thin fabric worth the money spent,3
Beautiful shirt but the price is too high quality fabric is just a flat -rata not special,3
Good delivery service but the shirt arrives with a rough fabric disability is not satisfied with the purchase,3
The design is stylish but the size of the fabric is inconsistent for the price paid,3
Malay shirts look good but the fabric is too thin but not the best value,3
The shirt is in good condition but the design is too simple the quality of the fabric is just a flat -rata,3
Ok la shirt this design is a standard quality of fabric,3
The quality of the fabric is OK The design is simple and not too tender.,3
Design attracting cold fabric is worth the quality of efficient delivery service,3
Of course this is a review without numbering,4
Malay shirts are out of good quality great price affordable delivery fast satisfaction with seller service,5
The best online shop beautiful design modern shipping fast sizing sizing is highly recommended for all,4
Cold fabric design trends to the beginning of price worth repeat order several times satisfied,4
HIGH QUALITY DELIVERY HIGH QUALITY SIZING RIGHT PRICE Acknowledgment Thank You Satisfied with Purchase,4
Stylish shirts crazy quality fabric price worth customers because of satisfactory service and the latest design,4
Shirts until the beginning of the comfortable fabric is affordable price delivery service satisfactory thanks the seller,5
Beautiful shirts are very soft cloth size on point fast delivery prices worth it thank you very much love,5
Design of shirt capture fast delivery affordable price fabric satisfactory thanks to many sellers,5
Shirts until the beginning of beautiful packaging creative design affordable Prices,4
Modern Malay Shirts High Quality Fabric Price Price Fast Shipping Size To Be Satisfied With My Purchase,4
This Malay shirt is okay Standard design The price of the stick is too expensive shipping quite fast quality normal fabric just pull too satisfied but it can be,3
Shirts are up to the classic design of classical fabric okay Price is a bit expensive but the quality of delivery can be satisfactory can be,3
This Malay shirt,3
Shirts Until the beginning of the standard design fabric is quite comfortable price affordable delivery satisfactory but overall it is possible to buy it again,3
This Malay shirt is quite standard design of the standard pull fabric too comfortable price affordable delivery satisfactory satisfaction may be,3
Shirts to the right time the design of the stick is too attractive the fabric okay Price is a bit expensive delivery Quickly satisfied may be possible to try other other,3
This Malay shirt is common in classic design Classic Standard Fabric Price Accepted delivery delivery is a little possible,3
Shirts are in good condition Simple design Cold fabric Price affordable delivery Quick satisfaction Moderate may be,3
This Malay shirt is okay the standard design of the fabric acceptable price is quite expensive delivery satisfactorily satisfied but the whole is okay to be able to buy it again,3
Clothes to the right time design Standard fabric okay Price Affordable Shipping Quick Satisfaction,3
Poor Malay Shirts Designed Design Fabric Comfortable Price Extreme Expensive Delivery Delivery Slowly Pull There is a better buy physical store,2
Shirts but design too long rough fabric is very comfortable prices expensive prices are worth the damp shipping frustrated,1
Malay shirts push okay direct design pulls Low quality fabric expensive prices Time shipping,1
Shirts to bad design crazy crazy fabric similar plastic prices make sense damp delivery is a little bit off even better buy a shop,1
This Malay shirt is really bad Design pulling fabric similar to price tissue Extreme delivery delivery is a bit of a patch is better to find other places other,2
Shirts but badly design rough fabrics are very expensive prices for delayed time.,1
Poor Malay Shirts Design Direct Creative Design Fabric Comfortable Price Price Delivery Take a little time Satisfaction is better to find somewhere else,2
The shirt is but very bad the design of the modern stick directly the rough fabric is too high the delayed delivery is a bit of a taste and it is best to buy it near the store,1
Very elegant Malay shirt Siing fit high quality fabric delivery is very fast and packing neat thank you Seller I definitely repeat order again,4
Beautiful shirts are very affordable size on cool cloth points and fast online shipping services for the best online shirt to buy Modern Malay Shirts Thank you,5
The best Malay shirt ever purchased Modern Design Comfortable Delivery is very fast and Munasa Repeat Price,5
The shirt until the beginning of the price is worth the price of the high quality fabric and the size of the best customer thank you Shop Online,5
Online Shop Choices of Beautiful Malay Shirts Affordable Price Fast Fast Delivery and Satisfactory Customer Service I love to purchase this time thank you Seller,5
Very attractive Malay shirts Price Price Price Fast Delivery and Sizing Repeated Order Many times thank you PUSLER,4
Shirts Until the beginning of the latest Design Affordable Design Price and Size Thank You My Seller is sure to repeat the order for the next event,4
Very elegant Malay shirts fast delivery high quality fabric affordable and sizing on point thank you revenge Seller is sure to be satisfied with the purchase,5
The best online shop for buying a beautiful design is beautiful price worth the fast shipping and the quality of the fabric is satisfactory repeat order,5
Shirts Until the beginning of the service is a great design for a quick shipping price fast and sizing thanks to the seller I love it so much for this time,5
Repeat customers here,4
The Malay shirt I bought was very disappointing that the fabric was crazy and the sizing of the pull was right,1
Customer service is really a problem with my order like a direct stick,1
I got my Malay shirt late plus the tink's shirt was just like in the online picture.,1
Subtract quality worth the price after one color wash is fade and fabric so bad,1
Buy a Malay shirt Really Sewing Her Durable Tongs It has been removed after wearing it several times,1
Customer service is worse I have an issue with the order to do not know,2
The Malay shirt that I can smell is very chemical rejected if it is safe to wear to pull,1
Susan's website wants to use and the checkout process is so confusing with something I pull,1
I order a special color but a Malay shirt that reaches another color is crazy frust,1
The fabric is itchy and pushes comfortably at all.,2
I got a piece of disability and the process of returning was hard to handle,2
Shrink shirts are a lot after the first washing even though I follow the right care,2
Delivery is very slow and when the Malay shirt until there is a stain on it the pull is acceptable,2
Button in the Malay shirt after a few use of the quality control of the diier is indeed a stick is there,2
Website shows the main style of the product to different products to reject the direct satisfaction,2
The right -scale chart of the Malay shirt is either too small or too big when I follow the measurement,2
I get damaged items and customer service rejects responsive when I want to refund,1
The stitches of the sticks and give the Malay shirts look sloppy minus money directly,2
The Malay shirt that I ordered full of loose threads clearly rejected quality right,2
Her return policy is too tight I stuck with a Malay shirt that likes and refuses to be able to pay back,2
The Malay shirt I bought is okay la fabric is standard and the price is quite reasonable,3
The design of the Malay shirt here is simple but it still looks smart,3
Delivery is quite quick,3
The Malay shirt I got this looks exactly like in the online picture no surprise so I'm the content,3
The Malay shirt is very comfortable but may increase the pattern and color,3
The price of Malay shirts here is competing and many color options,3
I bought this Malay shirt for the holidays and it has a traditional touch sukus,3
The fabric is too thick to fit for the overall hot weather quite satisfactory,3
The Malay shirt I bought in accordance with the theme of the event I attended a good match,3
Their good customer service helps with my questions about sizing thank you,3
The size chart is quite right so the Malay shirt I can fit in well,3
This Malay shirt is easy to wrinkle which is a point for me,3
The price is reasonable for the quality of the Malay shirt I get,3
I love the simplicity of the Malay shirt of casual and comfortable design,3
The Malay shirt I bought this serveratile can be for the sake of,3
Color choices for Malay shirts here are quite wide many options,3
This Malay shirt is easy to keep the stick difficult to iron,3
The design of this classic Malay shirt can be used for years -years,3
Customer service response time is quite fast very efficient,3
The Malay shirt I bought has a good balance between traditional and modern elements,3
Customer service is a refusal to help me have a problem for a stick,2
Slow delivery of crazy and Malay shirts that have a great defect are right to buy,2
Susan's website wants to navigate and I refuse to find the sizing info easily,2
The Malay shirt I can have a strange smell as if the stick was washed right,2
Customer service is rejected directly my call and e -Mel many times can respond,2
The Malay shirt I can get after washing the color has been pulled evenly in low quality dye,1
I order a special color but a Malay shirt that reaches another color is really serious,1
This crazy scratchy fabric I use it feels like itchy,2
The stitches on the Malay shirt are uneven as there is no direct quality control,2
The Malay shirt I bought is very easy to wrinkle iron and it helps a lot,2
The policy of the complexity of the person I understand to do,1
I ordered a Malay shirt for the event but the fabric he saw through it was a refusal to wear it directly,1
The quality of this Malay shirt is that some are consistent with bad things,1
The Malay shirt that I got to have a thread out here and there the fabric pushed it straight,2
The Malay shirt Iron Suri is very fabric as he wants a resistant smooth,1
I bought that Malay shirt for a special event but when he got to the design he turned instead of frusting,1
The Malay shirt has a sizing like a standard stick I know why,1
I got a little shirt that had a little shabby as people used before,1
Dolam customer service is like understanding my language is hard to communicate,1
I paid for the shipping express but the shirt was slow to pull it off,1
The Malay shirt has a hem hem dancing torn quality control diier pull okay directly,1
I ordered a Malay shirt for the election but his color was dull I felt cheated,1
The clingy shirt material is very comfortable at all,1
The website is a very slow I have to buy a patience to buy -,1
I bought the Malay shirt because I wanted high quality but the fabric was very thin to the match with the description,2
I bought the Malay shirt because the design was beautiful but when he got his design it was smudged so disappointed,1
The price is expensive but the quality of the fabric is like a normal fabric when it is worth it directly,1
I bought a Malay shirt for the event but his sizing was too big I felt like a ghost cam,2
The Malay shirt is a bit of a stick I feel hot when wearing,2
I ordered express delivery but the Malay shirt that has a lot of loose threads is a direct stick,2
I think it's okay to buy this Malay shirt quality standard price even average price,3
The design is easy to cool but minus wow is worth the price,3
Malay shirts are in good condition in standard sticks are very special,3
The size is quite accurate but the taste can improve the quality of the fabric,3
Fast delivery service but this Malay shirt is as usual when it comes to it,3
This Malay shirt is worth the price paid but,3
The quality of the fabric is okay but the design is quite common in the whole,3
The Malay shirt I bought at a simple price,3
Fast delivery but the design of this Malay shirt is rejected there is a very wow,3
The Malay shirt I bought was comfortable but there was no wow element that made him different,3
Standard je lah shirt This stick is too special,3
This Malay shirt is quite comfortable price,3
I am satisfied with the sizing of this Malay shirt but the quality of the fabric can improve,3
The Malay shirt I bought is okay but not too much,3
Easy but standardized quality fabric quality is reasonably priced,3
Malay shirts fit the price paid the stick is too special but okay,3
The quality of the fabric but I hope the design can be a little more creative,3
I am satisfied with the purchase of this Malay shirt not too luxurious but okay,3
Fast delivery but this Malay shirt is quite familiar with it.,3
The Malay shirt I get comfortable and the fabric is okay design standard,3
Reasonable prices for the quality given the design of the stick passed away,3
The Malay shirt I bought is okay but can increase the quality of the fabric,3
I like the fast shipping of the Malay shirt,3
This Malay shirt is comfortable but the design is quite common,3
Size okay but I hope there are more interesting design options,3
This Malay shirt is okay for simple use,3
Price is worth the quality of the Malay shirt I get,3
I am satisfied with the purchase of this Malay shirt too luxurious but okay,3
The Malay shirt I bought was okay but not too different from the others,3
Standard je is the Malay shirt that is too lazy,3
The Malay shirt I bought was okay with the fabric material as it was like a plastic table but it was affordable,3
Customer service is not a good idea but fast delivery,3
Malay shirts until crazy crazy design sticks are just like in the wrong picture,3
Quality of fabric like night market fabric minus matches high price,3
The right sizing is right I feel like a high school dress ExpressionFlessFace,3
My Malay shirt was torn before wearing it was a direct quality of facewithrollingeyes,3
The design of the Malay shirt is rejected until now as the ancestors of the ancestors,3
This Malay shirt is crazy to wear a loss of money,3
I got a Malay shirt that smelled like he had been kept in the closet,3
Crazy damp shipping of Malay shirts even wow factor live,3
The Malay shirt I bought was the color of the same tendency in the cheating picture,3
The quality of the Malay fertilizer is very bad to make anger,3
Customer service in a stick can hope I ask you to do not know jeeee,3
Kurta shirt I have a lot of yarns out like no direct inspection quality,3
The kurta shirt I ordered has a lot of disability as if to refuse from,3
Standard fabric quality but the design of regular kurta shirts,3
Fast delivery but the fabric is too high quality,3
I'm satisfied with the sizing of this kurta shirt okay,3
This kurta shirt is at the price paid for a stick that is too special,3
The design of the kurta shirt is interesting but the quality of the fabric is quite standard,3
Reasonable prices for kurta shirts that I can not be too luxurious,3
This kurta shirt is comfortable but the design is quite common,3
Customer service is possible but there is room for improvement,3
The kurta shirt I ordered fits the sizing chart but some sticks,3
This Kurta shirt is crazy to wear a loss of money,1
I got a smelly shirt that smelled like a cloth for a long time in the closet,1
Crazy damp shipping kurta shirt even wow factor live,1
The kurta shirt I bought was the same color as in the cheating picture,1
The quality of this kurta shirt is crazy high price is angry,1
Customer service in a stick can hope I ask you to do it.,1
Kurta shirt I have a lot of yarns out like no direct inspection quality,1
I like this kurta shirt design just the quality of the fabric,3
Customer service is good but not too responsive,3
Kurta shirts are in good condition but pull there,3
The right sizing is right I feel like a high school dress ExpressionFlessFace,2
Kurta shirt I was torn before wearing the direct quality of facewithrollingeyes,2
The Malay shirt I bought is okay and the quality of the fabric is standard and the price is reasonable,3
My design likes Malay shirts here pull too fancy but still looks smart,3
Delivery is quite fast,3
The Malay shirt that I can fit in with the online picture is no surprise so I'm the content,3
Malay clothes are very comfortable but may increase a bit to the pattern and color,3
The price of the Malay shirt here is competing and the color choices are quite varied,3
I bought this Malay shirt for the holidays and it was a traditional likes,3
The fabric pulls too thick suitable for the overall hot weather,3
The Malay shirt I bought was enough to fit the theme of the event I attended a good match,3
Their good customer service helps with my query of tense thank you,3
Deliver delivery delivery is very slow to finish the clothes,2
The Malay shirt that I can smell as if the stick was washed,2
Customer service is rejected to help me have a dick issue for a bargain,2
I bought a Malay shirt for an important event but his design was like pushing a professional directly too easy,2
The Malay shirt I bought was on the quality of the fabric of the top tip and the price was very reasonable,5
The design of the Malay shirt here is very modern but still defends the traditional touch,5
Fast delivery,5
The Malay shirt I bought is a perfect picture of a person looking better,5
The Malay shirt is very comfortable and the color and the color are very attractive,5
The price of Malay shirts here is a lot of Baloi and many beautiful color options,5
I bought this Malay shirt for the event and it stole a lot of design praise,5
The fabric is pushing too thick perfect for hot weather very comfortable,4
The Malay shirt I bought in accordance with the online picture is no very satisfying disappointment,4
Customer service is very helpful that I have questions they answer to Clarity,5
The size chart is right in accordance with the Malay shirt I bought perfectly,5
This Malay shirt is easy to wrinkle so Iron sticks many times,5
The price of the Malay shirt is reasonable for the quality provided,5
Likes to like classic and elegant design Malay shirts,5
The Malay shirt I bought was very versatile to wear for events,5
Color options for Malay shirts here are very many interesting options,4
This Malay shirt is easy to maintain a dizzy stick to take care of,5
The design of the Malay shirt is immortal for so many years to come,5
Customer service response time is very fast and very helpful,5
The Malay shirt I bought is a wow factor I feel confident in wearing it,5
The user -friendly process and website inspection are very easy,5
The Malay shirt I bought was very much in line with the theme of the event I attended,5
The price paid is right worth the value for money,5
This Malay shirt only looks pretty but the quality of the fabric is the best,5
I bought a Malay shirt for the election and exceeded my expectations,5
The color of this Malay shirt is very vibrant that looks like a standout,4
This Malay shirt is very much in my trend that I feel stylish in wearing it,4
Customer service is friendly and professional with satisfactory answers,4
The Malay shirt I bought is a very accurate design and the best quality,5
The Malay shirt that I can be very comfortable and match my taste,5
Comfortable Comfortable Materials Every year I repeat here the fabric is good and comfortable,5
The comfort of the beautiful material as if expensive cloth was ordered yesterday arriving today the seller works very fast thank you,5
Comfort Comfortable Material Senjala Iron Sorry No Pics or 10 -Year Video Skinny Kurkap fits comfortably and easily for iron button ready to be stitched near the clothes that loveeeee really trusts the seller,5
Comfortable comfort for children Soft absorbed cotton ingredients is ideal for children with serious hot pull cun very comfortable i'm worried online,5
Beautiful material is very sewing you all have to buy near this seller they work fast orders quickly to the size of the size with my son 10 years old color shirt,5
Comfortable Material Beautiful Beautiful Size Suitable Suitable for Children Only For I A Year a little bit but pull the fabric of the fabric and the pulter is very friendly and very friendly,5
Bold Fabric Trust Sellers Checkmarkbutton Hundreds of Original Packaging Products Packaging and Good ThumbsplightSkintone ThumbsuplightSkintone ThumbsUPlightSkintone Response Quick Delivery,5
Best Material Fast Color Delivery is Fit Fit Unaked 2 years and a half and 6 years old Anga,5
Good Material Comfortable Goods It has reached a quick delivery thank you Smilingface thumbsup seller,5
Comfort Comfortable Fabric Material Ok Shirt has arrived Beautiful Stitching Fabric Thank You Seller,5
Quality Material Comfortability Comfortable Sewing Very neatly satisfied with this Best Malay Shirt,5
Good quality material is ok to be comfortable just if you follow the shirt of the shirt this shirt is a bit short of the whole ok tqsm,4
Alhamdulillah's clothes are safe first time buy online because they are lazy to have a lot of color like their mommy's clothes are pretty nice enough just a little bit close to 5yo and 7yo kids maybe two can be worn but it's not cheap not to loseBuy,5
Good quality materials are good -just fine and comfortable only if you follow the size of the Malay shirt but overall good -the thank you very much,5
The comfort of the excellent material is very good to buy this Malay for my sister and she likes it so many sizes also good and the fabric is a good color here because of lighting but the color in real life with good lighting near the promo picture will buy again with this sellerIn the future ahaha thank God it arrives before next week loudlycryingface rollingonthefloorlaughing rollingonthefloorlaughing,5
Thank you for the seller to SAFE even though it is very late but be satisfied with the good and beautiful clothes for the sake of this kid later sorry picture and video,5
Beautiful Color Material Comfortable Fabric Size Suitable for 1 year old 3 months Sorry picture has nothing to do with,5
Comfort Sewing Price Cheap Price Material Nice Rights To The Overall Price Tq Redheart Aak 3 Year 6 Month,5
Moss Crepe Comfortability Material Comfortable Children 3 years old Weight 15kg Husband's comfortable shirt I talk about chapter on this shirt Material Compare a great close to the hot tendency,5
Thankfully the shirt arrived safely for the first time buying online because I didn't want to deal with the people of the same color as my mother's shirt was pretty short for 5yo and my 7yo maybe they could wear it once or twice but it was cheap not a big losshehe,5
I don't like this Malay shirt so bad,1
Customer service is very slow I asked many times,1
Crazy delivery I got another shirt before,1
The website is rotating like a rotation of a pull can find the size,1
The Malay shirt I got this smell,1
Poor customer service keeps ignoring me to complain to a barbecue,2
Delivery Customer Service Slow Slow Reply Direct Reply I feel disappointed,2
I order a specific color but the one that is wrong is the wrong choice,2
This Malay shirt is crazy it feels like there is a itchy powder in the fabric,2
I feel disappointed that the sewing on the Malay shirt looks like it was done by the bad chicken,2
This Malay shirt is torn near the quality control button,2
The Malay shirt I bought this design is crazy sticks,2
This fabric material is really cool like sitting in the fridge,2
Customer service like ghosts I e -mel minus can get a direct answer,2
The Malay shirt I bought was thin like a sticky stick,2
I pay expensive expensive but can get a Malay -quality -control shirt where,2
This Malay shirt has a stain like to be washed right before sending,2
I pay for customary colors but the color of the match is really frustrating,2
This Malay shirt is very bad,2
Slow delivery is crazy to get the shirt not yet,2
I bought a child but the size of the minus was too big,2
This Malay shirt is a durable stick quickly,2
Customer service response time like a slow snail,2
I bought for a family of all clothes,2
This Malay shirt is like Susan's friendly iron to maintain,2
The Malay shirt I bought was a push -up pattern that matched the picture with,2
Customer service is always ignorant when I complain to the bar to hear,2
The design on this crazy Malay shirt is a lifeless trend,2
The Malay shirt I can have a strange smell as if the stick was washed right,2
Customer service is rejected directly my call and e -Mel many times can respond,2
The Malay shirt that I can get after washing the color has been a lot of low quality dyes to be used,2
I order a special color but a Malay shirt that reaches the other color is really serious,1
This crazy scratchy fabric I use it feels like itchy,2
This Malay shirt is so almost a tasty fabric is like plastic,2
The website is confusing crazy like entering the maze to find clothes,2
The Malay shirt I bought was so bad that the stick could be used,2
This Malay shirt is so torn apart,2
Customer service is like no direct professionalism,2
The Malay shirt that I can color is very off the same point directly to the website,2
Slow delivery is crazy until the house is patient but not,2
The kurta shirt I bought was the same color as in the cheating picture,2
Customer Service Did Ignore My Complaint For Feedback No Direct Action,2
The Malay shirt I bought this crazy itch I used to feel itchy,2
The website is slow like snails to surf even lazy,1
I paid for the shipping express but the Malay shirt until crazy is not the direct express,1
This Malay shirt is very loose to match the size chart with,2
The shirt of the size of the stick is slow to deliver the goods close to 10 days until the plk is dirty so bad the money I lost this money,2
The Malay shirt I bought was a small hole I was disappointed,2
The Malay shirt I bought has a high quality hole stain that matches the price,2
Customer Service is not an ethical stick I complain to the stick,2
Seller Tq Switches as fast as lightning to the best fabric is the best color of the beautiful pounds of the best beautiful poundskkk,5
Lmbt a little la cloth tink bpe is so good this is what is modern for this kind of clothes,1
Delivery of fabric material is cool stitching neatly satisfied,5
Thank God the good fabric of the size of the shipping is quick to love it,5
Basssssss service is fast until the material is okay with the price of the size of the size,5
have received the order xl tp regular dpt xl slimfit color even pull how many creams are more yellow light,4
Forced for 4 je as a little dirty in the waist cigar but the whole is okay with the size of the size of the chart,4
On the shirt there is a red tried to wash still,3
The color is slightly different from the picture and the size of the modern,2
Nude color we ask for another color that forgets that no button is free of button very frustrated,1
Reject following the size I want,5
The size of the pull is the same size,1
